<?xml version="1.0" encoding="UTF-8" standalone="yes"?>
<contentHaul xmlns:a="http://www.appian.com/ae/types/2009">
    <versionUuid>_a-0000e255-ca76-8000-23f0-01ef9001ef90_39293</versionUuid>
    <rule>
        <name>AMS_GetUSerDetails</name>
        <uuid>_a-0000e255-ca76-8000-23f0-01ef9001ef90_37023</uuid>
        <description></description>
        <parentUuid>_a-0000e255-ca76-8000-23f0-01ef9001ef90_34552</parentUuid>
        <visibility>
            <advertise>false</advertise>
            <hierarchy>true</hierarchy>
            <indexable>true</indexable>
            <quota>false</quota>
            <searchable>true</searchable>
            <system>false</system>
            <unlogged>false</unlogged>
        </visibility>
        <definition></definition>
        <metadataExpr></metadataExpr>
        <preferredEditor>interface</preferredEditor>
        <offlineEnabled>false</offlineEnabled>
    </rule>
    <roleMap public="true">
        <role inherit="true" allowForAll="false" name="readers">
            <users/>
            <groups/>
        </role>
        <role inherit="true" allowForAll="false" name="authors">
            <users/>
            <groups/>
        </role>
        <role inherit="true" allowForAll="false" name="administrators">
            <users/>
            <groups/>
        </role>
        <role inherit="false" allowForAll="false" name="denyReaders">
            <users/>
            <groups/>
        </role>
        <role inherit="false" allowForAll="false" name="denyAuthors">
            <users/>
            <groups/>
        </role>
        <role inherit="false" allowForAll="false" name="denyAdministrators">
            <users/>
            <groups/>
        </role>
    </roleMap>
    <history>
        <historyInfo versionUuid="_a-0000e255-ca76-8000-23f0-01ef9001ef90_37042"/>
        <historyInfo versionUuid="_a-0000e255-ca76-8000-23f0-01ef9001ef90_37080"/>
        <historyInfo versionUuid="_a-0000e255-ca76-8000-23f0-01ef9001ef90_37200"/>
        <historyInfo versionUuid="_a-0000e255-ca76-8000-23f0-01ef9001ef90_37259"/>
        <historyInfo versionUuid="_a-0000e255-ca76-8000-23f0-01ef9001ef90_37323"/>
        <historyInfo versionUuid="_a-0000e255-ca76-8000-23f0-01ef9001ef90_37680"/>
        <historyInfo versionUuid="_a-0000e255-ca76-8000-23f0-01ef9001ef90_37803"/>
        <historyInfo versionUuid="_a-0000e255-ca76-8000-23f0-01ef9001ef90_37929"/>
        <historyInfo versionUuid="_a-0000e255-ca76-8000-23f0-01ef9001ef90_38449"/>
        <historyInfo versionUuid="_a-0000e255-ca76-8000-23f0-01ef9001ef90_38807"/>
        <historyInfo versionUuid="_a-0000e255-ca76-8000-23f0-01ef9001ef90_38846"/>
        <historyInfo versionUuid="_a-0000e255-ca76-8000-23f0-01ef9001ef90_38861"/>
        <historyInfo versionUuid="_a-0000e255-ca76-8000-23f0-01ef9001ef90_38881"/>
        <historyInfo versionUuid="_a-0000e255-ca76-8000-23f0-01ef9001ef90_39293"/>
    </history>
</contentHaul>
