<?xml version="1.0" encoding="UTF-8" standalone="yes"?>
<contentHaul xmlns:a="http://www.appian.com/ae/types/2009">
    <versionUuid>_a-0000e255-ca76-8000-23f0-01ef9001ef90_35762</versionUuid>
    <rule>
        <name>AMS_GetUsername</name>
        <uuid>_a-0000e255-ca76-8000-23f0-01ef9001ef90_34558</uuid>
        <description></description>
        <parentUuid>_a-0000e255-ca76-8000-23f0-01ef9001ef90_34552</parentUuid>
        <visibility>
            <advertise>false</advertise>
            <hierarchy>true</hierarchy>
            <indexable>true</indexable>
            <quota>false</quota>
            <searchable>true</searchable>
            <system>false</system>
            <unlogged>false</unlogged>
        </visibility>
        <definition>"ghhjjkk"+"dfdhf"</definition>
        <preferredEditor>legacy</preferredEditor>
        <offlineEnabled>false</offlineEnabled>
    </rule>
    <roleMap public="true">
        <role inherit="true" allowForAll="false" name="readers">
            <users/>
            <groups/>
        </role>
        <role inherit="true" allowForAll="false" name="authors">
            <users/>
            <groups/>
        </role>
        <role inherit="true" allowForAll="false" name="administrators">
            <users/>
            <groups/>
        </role>
        <role inherit="false" allowForAll="false" name="denyReaders">
            <users/>
            <groups/>
        </role>
        <role inherit="false" allowForAll="false" name="denyAuthors">
            <users/>
            <groups/>
        </role>
        <role inherit="false" allowForAll="false" name="denyAdministrators">
            <users/>
            <groups/>
        </role>
    </roleMap>
    <history>
        <historyInfo versionUuid="_a-0000e255-ca76-8000-23f0-01ef9001ef90_34562"/>
        <historyInfo versionUuid="_a-0000e255-ca76-8000-23f0-01ef9001ef90_34592"/>
        <historyInfo versionUuid="_a-0000e255-ca76-8000-23f0-01ef9001ef90_34621"/>
        <historyInfo versionUuid="_a-0000e255-ca76-8000-23f0-01ef9001ef90_35709"/>
        <historyInfo versionUuid="_a-0000e255-ca76-8000-23f0-01ef9001ef90_35762"/>
    </history>
</contentHaul>
